id_venta,id_cliente,codProd,cantidad,precioUnitario
2,101,1001,1,12999.990234
3,101,1000,1,8999.990234
4,106,1001,4,12999.990234
5,101,1001,1,12999.990234
